word;count
about;1226734006
other;978481319
which;810514085
their;782849411
there;701170205
first;578161543
would;572644147
these;541003982
click;536746424
price;501651226
state;453104133
email;443949646
world;431934249
music;414028837
after;372948094
video;365410017
where;360468339
books;347710184
links;339926541
years;337841309
order;336631187
items;330505325
group;321842984
under;313296421
games;305930896
could;302311431
great;301487430
hotel;297974790
store;291308910
terms;277705910
right;273620358
local;270742935
those;270014141
using;269448880
phone;256643812
forum;254478181
based;252405204
black;244690155
check;244491090
index;242826246
being;242783091
women;242520455
today;239271204
south;238581133
pages;234001114
found;232005894
house;231310420
photo;227125249
power;226596368
while;226194991
three;223417394
total;222649459
place;220970235
think;217856550
north;217809513
posts;216822128
media;216432510
water;215178488
since;214302926
guide;213378807
board;212361059
white;209863729
small;208371878
times;202950880
sites;202755734
level;202563642
hours;198242904
image;197874283
title;196676017
shall;191963867
class;191087771
still;190433487
money;190205072
every;189325890
visit;187062316
tools;185555874
reply;184777992
value;182061247
press;179652730
learn;179428286
print;178250872
stock;176295589
point;175527859
sales;173244220
large;165863763
table;165341452
start;161913408
model;161205740
human;160573748
movie;158421100
march;158281269
yahoo;155733641
going;155284081
study;152978354
staff;151553180
again;150781416
never;149556758
users;149320234
topic;149001702
below;145701629
party;144707500
login;144200144
legal;142048771
above;141894620
quote;139242226
story;138433809
rates;137089538
young;136341684
field;135289140
paper;134939426
girls;132325396
night;130531484
texas;129399241
poker;129054826
issue;128427156
range;128314924
court;127719981
audio;127014703
light;126699632
write;126645151
offer;126228968
given;125542966
files;125524478
event;125515260
china;124472054
needs;123595776
might;123196001
month;123027963
major;122592252
areas;121986327
space;121505269
cards;121094522
child;119747393
enter;119394206
share;119294241
added;118410414
radio;113285624
until;113090086
color;112965658
track;112385243
least;111229798
trade;110086585
green;108287905
close;107853068
drive;107799371
short;106755242
means;105946662
daily;105837757
beach;105642682
costs;101090970
style;101024266
front;100886343
parts;100637505
early;100013194
miles;100012522
sound;100010833
works;98581698
rules;97658641
final;97649084
adult;97583096
thing;97451660
cheap;97049762
third;95489240
gifts;95412416
cover;94501729
often;92551460
watch;92006970
deals;91189968
words;90910143
heart;90249265
error;89396475
clear;88447610
makes;87829598
taken;87019836
known;86395556
cases;86255673
quick;85584600
whole;85202530
later;84857974
basic;84840226
shows;84804638
along;83444756
among;83431590
death;83216831
speed;83135749
brand;82807581
stuff;81444510
japan;81110725
doing;80821946
loans;80821333
shoes;80755612
entry;80717798
notes;79958318
force;79199815
river;78843808
album;77914316
views;77333335
plans;77295630
build;77203075
types;77070740
lines;76806341
apply;76341478
asked;75532722
cross;74230978
weeks;73571749
lower;72606927
union;72603888
names;71918906
leave;70957750
teens;70859771
woman;70613606
cable;70082598
score;69315004
shown;68755779
flash;68391647
ideas;67309657
allow;67052567
homes;66753480
super;66703287
cause;65904680
focus;65626732
rooms;65453403
voice;64600528
comes;64256803
brown;64112042
forms;63561604
glass;63559754
happy;63471922
smith;63357901
thank;63234550
prior;62949059
sport;62683851
ready;62667516
round;61836702
built;61502894
blood;61348302
earth;61059905
basis;59901425
award;59652161
peter;59541743
extra;59377307
pussy;59206591
rated;59102029
quite;58777731
horse;58453720
stars;58352743
lists;58249254
owner;58189056
takes;57784233
bring;57608074
input;57191675
agent;57103658
valid;57094711
grand;56599468
trial;56547673
units;56512308
wrote;56421594
ships;56365355
metal;56181783
funds;55721876
guest;55293215
seems;55276661
trust;55157142
grade;54275130
panel;53784382
floor;53759851
match;53532481
plant;53247607
sense;52629633
stage;52518330
goods;52507183
maybe;51895609
youth;51426255
break;51242970
dance;51147967
apple;50551171
enjoy;50141455
block;49694725
civil;49495349
steel;49452604
songs;49272598
fixed;49215402
wrong;49156828
hands;49087727
fully;48616832
worth;48075237
peace;47856201
coast;47716394
grant;47609624
agree;47500911
scale;46307526
stand;46292709
frame;46079991
chief;45699591
gives;45649146
heard;45436523
begin;45434902
royal;45407189
clean;45381752
bible;45080741
suite;44829675
piece;44298807
sheet;44295187
seven;44224906
older;44222089
cells;44128080
looks;43897035
calls;43661633
whose;43634263
naked;43110969
lives;42750046
stone;42494931
tests;42336117
buyer;42024703
label;41359857
canon;41144763
waste;41089558
chair;40764005
phase;40722940
motor;40615655
shirt;40501964
crime;40361756
count;40345803
claim;40085342
patch;39999745
alone;39326417
saint;38929141
drugs;38827156
joint;38827057
fresh;38781893
dates;38442243
upper;38341510
prime;38308402
limit;38290292
began;38269468
louis;38259201
steps;38254292
shops;38241315
creek;38159464
urban;38087999
tours;37957036
labor;37866418
heavy;37668153
solid;37426444
theme;37219937
porno;36925475
touch;36831035
goals;36766773
serve;36697856
magic;36676771
mount;36648260
smart;36636558
latin;36548259
avoid;36508203
birth;36286070
virus;36286003
abuse;36269685
facts;36041603
faith;35936559
chain;35928367
moved;35713495
reach;35687918
sorry;35595812
gamma;35426622
truth;35345925
films;35200065
owned;35050234
draft;35033621
chart;35027490
clubs;34881779
equal;34832354
codes;34503537
kinds;34482138
teams;34383288
funny;34281806
tried;34201786
named;34099544
laser;34080740
harry;33867934
taxes;33674672
mouse;33667003
brain;33612784
dream;33518573
false;33476460
falls;33213513
stats;33096627
carry;33056477
hello;32960381
clips;32846497
brief;32599674
ended;32588866
eight;32567724
wants;32538214
alert;32472727
queen;32366847
sweet;32311923
truck;32136249
votes;32059663
ocean;31928741
signs;31899467
depth;31879926
train;31816971
feeds;31593736
route;31439231
frank;31392284
speak;31324712
query;31284313
rural;30998929
judge;30905832
bytes;30848384
fight;30784313
filed;30718907
banks;30582183
kelly;30510238
leads;30507300
wales;29821525
minor;29782623
noted;29754565
spent;29719451
helps;29607993
cycle;29585286
sleep;29491537
scene;29372413
drink;29254937
rings;28827859
henry;28769085
guess;28743465
ahead;28375319
delta;28051872
alpha;27832836
bonus;27819488
adobe;27538755
trees;27378116
dress;27318959
refer;27099706
babes;27016030
layer;26912270
spend;26713310
clock;26624872
ratio;26457942
proof;26305059
empty;26206017
ideal;26036289
specs;26029159
parks;25974927
cream;25898758
boxes;25787744
hills;25770218
aware;25700328
shape;25675227
firms;25497302
usage;25440406
mixed;25395056
exist;25349128
wheel;25342937
angel;25294123
width;25182453
noise;25171520
array;25150016
greek;25059132
sharp;24904199
occur;24679212
knows;24640096
coach;24514961
plate;24275560
logic;23989892
sizes;23751367
plain;23747230
costa;23702154
trail;23648838
buddy;23611087
setup;23534848
blues;23387172
scope;23349420
crazy;23032837
bears;22926868
mouth;22880351
meter;22874915
fruit;22767191
sugar;22450333
stick;22399126
genre;22344091
slide;22339084
exact;22304937
bound;22303643
storm;22242164
micro;22219932
dolls;22065047
paint;21926890
delay;21911190
pilot;21909830
novel;21821189
ultra;21795075
plays;21753930
truly;21693553
lodge;21541130
boobs;21461250
broad;21370126
swiss;21324437
foods;21150689
guard;21137924
newly;21102330
raise;21099943
drama;20939845
bands;20842378
lunch;20807419
dildo;20789655
audit;20786243
polls;20694349
tower;20686918
yours;20672809
shell;20599318
solar;20423792
catch;20400979
doubt;20311261
tasks;20273373
doors;20229491
forth;20149609
split;19998411
twice;19945569
shift;19811555
marks;19747824
loved;19719299
birds;19693729
saved;19635976
shots;19611119
treat;19442315
piano;19419956
risks;19205769
ports;19171802
teach;19079783
rapid;19070672
hairy;19060619
dutch;19000979
boots;18968708
holds;18963546
pulse;18893735
metro;18738665
strip;18711440
pearl;18707334
penis;18478169
heads;18400524
logos;18366230
bills;18248816
opera;18225169
asset;18178753
blank;18150537
humor;18085495
lived;18050710
tight;17981854
meant;17832930
plane;17799728
meets;17760399
grace;17642126
villa;17587586
inner;17552078
roman;17431193
taste;17311343
trips;17273017
sides;17269191
turns;17261850
cache;17250923
lease;17180592
proud;17167504
giant;17098874
seats;17070818
alarm;17059844
usual;17044981
angle;17016075
vinyl;17009819
worst;16975343
honor;16787246
eagle;16785232
pants;16774383
nurse;16772151
quiet;16746894
comic;16695850
crown;16651038
maker;16635947
crack;16633701
picks;16627992
smoke;16567733
craft;16528294
apart;16507181
blind;16485480
coins;16449733
gross;16440590
actor;16282891
finds;16280898
fifth;16255266
prize;16204739
dirty;16101662
alive;16064787
prove;16046788
wings;16044458
ridge;15993437
modem;15984492
skill;15835076
moves;15789001
throw;15751985
trend;15747018
busty;15705827
worse;15677739
boats;15600762
tells;15534490
fiber;15530318
graph;15526746
talks;15484166
bonds;15431252
fraud;15378751
roger;15353411
crash;15302627
inter;15269346
grove;15189493
spray;15148133
roads;15093621
faces;15050854
cocks;15043799
mayor;15030847
yield;15022494
hence;14992334
radar;14982375
lakes;14947463
diary;14922472
kings;14914273
flags;14870655
baker;14862470
shock;14850388
walls;14837851
ebony;14831025
drawn;14827380
beast;14787561
dodge;14768509
pizza;14763787
yards;14733347
woods;14647735
jokes;14622894
globe;14554904
ghost;14490042
pride;14428078
chile;14372798
maria;14347893
brass;14298573
plaza;14274314
quest;14258533
trans;14243681
booty;14218854
acres;14208905
venue;14204074
vital;14166642
excel;14133468
modes;14131325
enemy;14084182
wells;14073676
opens;14070477
lucky;14053901
thick;14030556
vista;13991160
chips;13982676
terry;13981773
flood;13979267
arena;13966572
grown;13931521
jerry;13908229
smile;13893537
lands;13891179
armed;13866785
candy;13772033
pills;13767091
tiger;13763074
folks;13760930
balls;13683840
boost;13675076
icons;13649671
moral;13643598
keeps;13624468
pound;13620117
roses;13584758
bread;13575360
tough;13560922
gonna;13542156
chest;13516414
billy;13515249
solve;13452150
tones;13373535
sight;13360499
towns;13337599
worry;13243591
reads;13174104
roles;13171507
glory;13158826
fault;13112664
jimmy;13030009
rugby;12992179
fluid;12943336
devil;12869511
grass;12868953
sized;12775596
theft;12744763
swing;12734467
dated;12707511
shoot;12695618
elite;12673836
poems;12662561
robot;12656312
winds;12628386
gnome;12609820
roots;12609370
noble;12604679
shore;12568485
loves;12566621
loose;12556710
slots;12452126
rocks;12427428
genes;12396954
horny;12363955
hosts;12228736
atlas;12221120
feels;12212683
corps;12150135
liver;12139363
decor;12098868
texts;12095723
fails;12015364
aging;12014007
intro;11938092
clerk;11923960
mills;11910667
jeans;11896655
fonts;11884559
favor;11867822
sigma;11864409
aside;11768649
essay;11750312
camps;11712039
trace;11697252
packs;11683277
spoke;11577917
arrow;11563142
rough;11557184
weird;11556427
holes;11529280
blade;11527988
meals;11515834
robin;11423944
strap;11414669
crowd;11409218
cloud;11337220
valve;11325360
knife;11297715
shelf;11287023
liked;11282738
adopt;11272339
outer;11245167
tales;11222332
nodes;11208722
seeds;11196921
cited;11195944
tired;11158233
steam;11141309
acute;11128841
stood;11116275
carol;11109404
stack;11090579
curve;11071177
amber;11065507
trunk;11020361
waves;11006010
camel;11005001
lamps;11000656
juice;10973425
chase;10971945
sauce;10968629
beads;10825324
flows;10797166
fewer;10792786
proxy;10773043
voted;10746027
bikes;10740880
gates;10734618
slave;10692715
combo;10592758
haven;10569212
charm;10554644
basin;10544774
ranch;10539650
drunk;10519219
toner;10508427
latex;10502825
alien;10490554
broke;10460811
nylon;10410171
discs;10404995
rocky;10404321
fleet;10364423
bunch;10355431
cents;10301064
omega;10289113
civic;10283668
saver;10258158
grill;10254124
grain;10244623
wanna;10232302
seeks;10174194
gains;10137566
spots;10109662
salon;10079006
turbo;10058686
thats;10034213
aimed;10030370
reset;10021033
brush;10018684
spare;10009522
skirt;9981485
honey;9978043
gauge;9952466
faced;9938155
sixth;9920054
farms;9908537
cheat;9903572
sandy;9897487
macro;9885853
laugh;9822471
pitch;9800556
autos;9798008
dozen;9776227
teeth;9769437
cloth;9764137
stamp;9760468
lotus;9759485
cargo;9748668
likes;9727733
tapes;9719559
zones;9719114
races;9715279
maple;9704551
depot;9688338
blend;9680982
probe;9643801
debug;9581095
chuck;9574825
bingo;9539002
minds;9529696
sunny;9497382
cedar;9484993
hopes;9462715
mason;9461838
burns;9460104
pumps;9456489
pairs;9432115
chose;9409845
blast;9387171
tommy;9327874
brake;9321885
olive;9298184
clone;9284578
dicks;9280692
relay;9275052
tears;9274206
oasis;9270498
angry;9267505
lover;9234545
rolls;9220414
daddy;9211193
ferry;9208954
loads;9175948
motel;9170238
rally;9155530
dying;9123557
stuck;9120620
stops;9118589
vocal;9082826
organ;9077449
lemon;9066930
toxic;9065369
bench;8992211
rider;8987802
butts;8968856
bobby;8964342
sheep;8962638
wines;8939582
salad;8923706
paste;8913055
relax;8856944
sword;8835685
sells;8827377
coral;8818272
pixel;8813200
float;8808655
paths;8806073
acids;8793940
dairy;8781961
admit;8780656
fancy;8777135
squad;8744772
wages;8737438
males;8708016
chaos;8690268
wheat;8685589
bases;8663363
unity;8657709
bride;8650665
begun;8636352
socks;8632058
fever;8582665
drums;8560748
rover;8537021
flame;8527495
tanks;8526525
spell;8506049
annex;8465905
sluts;8430809
hints;8393784
wired;8371548
argue;8353605
arise;8337093
bitch;8302447
chess;8293823
menus;8283476
canal;8278196
amino;8273641
herbs;8271850
lying;8260845
drill;8248787
hobby;8237250
tries;8236889
trick;8208473
drops;8187657
wider;8186703
screw;8177263
blame;8170544
fifty;8133138
uncle;8127694
randy;8110369
brick;8094369
naval;8091649
donna;8058734
cabin;8052267
fired;8031937
tires;8007166
retro;8000179
anger;7991036
suits;7986526
handy;7936655
crops;7931319
guild;7923630
tribe;7890695
batch;7835050
alter;7831337
edges;7826115
twins;7815027
amend;7806844
chick;7771502
thong;7747699
medal;7747036
walks;7744070
sucks;7743126
booth;7723310
indie;7722085
bones;7717501
breed;7716901
polar;7715471
patio;7627536
beans;7607524
snake;7606395
berry;7551906
ought;7523238
fixes;7513516
sends;7512707
timer;7488669
verse;7469512
highs;7468394
racks;7436380
nasty;7434847
tumor;7430480
watts;7423674
forty;7415064
tubes;7413309
queue;7398569
skins;7370612
exams;7364984
welsh;7346867
belly;7346354
elder;7299470
sonic;7298920
thumb;7284386
twist;7240854
ranks;7222499
debut;7220643
penny;7162062
ivory;7146685
remix;7132676
alias;7132147
newer;7122879
spice;7120274
donor;7096675
trash;7092806
manor;7084688
disco;7067687
minus;7025364
shade;6996835
digit;6991045
lions;6980244
pools;6977605
lyric;6970278
grave;6929008
saves;6892635
lobby;6887477
punch;6872844
gotta;6870320
karma;6862407
shake;6839319
holly;6834032
silly;6833654
mercy;6831149
fence;6796605
shame;6785296
fatal;6779744
flesh;6768724
sheer;6684477
witch;6671560
puppy;6662287
smell;6642666
satin;6620674
promo;6616863
tunes;6610108
nerve;6567418
renew;6561081
locks;6536771
rebel;6527810
hired;6526426
kills;6484339
slope;6469975
nails;6463889
whats;6462263
rides;6461201
rehab;6460331
merit;6450895
disks;6445126
condo;6444848
fairy;6435300
shaft;6431372
kitty;6414935
drain;6411642
monte;6411384
fires;6407259
panic;6396440
onion;6384730
beats;6367861
merry;6367037
scuba;6366349
dried;6331606
derby;6319608
steal;6257493
fears;6244239
tuner;6238319
alike;6220739
scout;6176157
dealt;6174968
bucks;6165133
badge;6145138
wrist;6143580
heath;6139151
realm;6122762
jenny;6118544
buses;6101027
rouge;6084449
yeast;6083904
brook;6044943
wives;6031432
xerox;6022102
sorts;6005834
armor;6001844
viral;5969493
pipes;5966191
laden;5964620
merge;5961585
sperm;5944531
craps;5943974
frost;5940685
sally;5933047
yacht;5932756
whale;5928569
shark;5904454
grows;5899321
cliff;5898886
tract;5897046
shine;5881862
ozone;5865280
pasta;5855460
serum;5854942
swift;5850031
focal;5844761
samba;5838327
wound;5820050
belle;5820002
lined;5802278
boxed;5778226
cubic;5774261
spies;5756937
elect;5748899
bunny;5730050
flyer;5718564
baths;5707960
climb;5697476
token;5672353
kinda;5660928
belts;5651790
flush;5625285
johns;5610302
jewel;5603871
teddy;5602073
dryer;5592001
ruled;5589851
funky;5587279
joins;5578553
scary;5571680
cakes;5565500
mixer;5558245
tooth;5551049
stays;5547528
drove;5545848
upset;5544484
mines;5542234
lance;5509634
colon;5494297
lanes;5489762
purse;5488891
align;5478643
bless;5477461
crest;5477034
alloy;5468839
plots;5466589
draws;5458448
bloom;5456938
loops;5439483
surge;5436623
souls;5416970
spank;5416004
vault;5408483
wires;5401677
mails;5397230
orbit;5389062
bacon;5385205
spine;5370074
trout;5369048
fatty;5363547
oxide;5321340
badly;5290145
scoop;5272369
blink;5257629
tiles;5251527
fuzzy;5241931
grams;5240826
forge;5226805
dense;5225392
brave;5221356
awful;5217370
whore;5199489
wagon;5198530
knock;5196013
peers;5188853
quilt;5187075
mambo;5164902
flour;5162842
choir;5156247
blond;5155053
burst;5147573
fibre;5134463
daisy;5124326
crude;5119129
bored;5114852
fares;5093799
hoped;5086531
safer;5085040
marsh;5073104
theta;5070673
stake;5061965
arbor;5057261
rifle;5047417
bulbs;5028440
waist;5013500
sewer;5008805
vitro;5000420
demos;4984806
sided;4982500
resin;4966700
linen;4960413
seals;4958012
decay;4956622
usher;4948609
skate;4932092
lynch;4920597
franc;4916960
flats;4911343
heels;4907543
voter;4905374
urine;4903932
towel;4901668
sears;4897480
flies;4894680
crane;4888961
habit;4880657
coupe;4874541
lords;4862111
tends;4861901
sixty;4851534
spark;4842423
spike;4833410
backs;4797208
soils;4789565
hunks;4776866
sedan;4769270
cares;4757269
flora;4756211
hardy;4748572
bells;4743841
denim;4737554
doses;4717242
baked;4716100
glove;4714578
plush;4692870
weber;4692730
urged;4685830
brent;4683680
adapt;4675567
fuels;4657731
stern;4643592
tutor;4635949
idiot;4635830
debit;4633794
edits;4631228
raven;4630541
slice;4628779
aspen;4626441
lemma;4623172
halls;4607236
pause;4606318
demon;4602331
asses;4583177
couch;4581367
downs;4578206
rogue;4576302
optic;4558869
chili;4553187
grief;4552843
sweat;4551615
masks;4548281
celeb;4548138
quake;4544481
alley;4541475
twain;4530277
loyal;4498834
renal;4494106
spite;4493143
imply;4491299
chill;4489643
liner;4486145
lifts;4479565
vivid;4479514
acted;4468180
skull;4457991
ninja;4439780
sands;4428127
steak;4413680
cobra;4412823
threw;4410853
ninth;4390562
marry;4388137
wills;4376548
atoms;4375988
drake;4373046
rails;4364886
fried;4364192
malls;4362513
woody;4355633
cried;4352198
plugs;4333394
coded;4330278
supra;4329457
molly;4328076
rival;4298220
beige;4288534
homer;4281428
gases;4277836
genus;4275567
debts;4259542
myths;4253827
knees;4250743
poets;4248574
woven;4248524
rigid;4240019
salsa;4234056
blown;4229918
baton;4229776
abbey;4224864
diets;4207940
sauna;4202256
bowls;4193933
cruel;4180956
eager;4175668
pupil;4167137
feast;4166016
ankle;4146793
decks;4131188
blunt;4129800
react;4126376
rises;4124482
coats;4107452
fairs;4091127
flute;4090740
harsh;4087715
cease;4081957
poles;4074284
equip;4044391
hedge;4041429
curry;4029540
worms;4027528
dewey;4024315
pouch;4023912
hooks;4023408
peaks;4011396
spoon;4000406
bombs;3999701
niche;3999108
cigar;3993843
curse;3982181
titan;3974407
shout;3965861
nudes;3964133
straw;3958211
reuse;3950428
loses;3942953
suede;3941313
peach;3938068
uncut;3929056
stove;3914849
freak;3908219
bluff;3906671
sadly;3905175
avail;3902711
hatch;3896261
stein;3893544
spill;3890646
drift;3889505
crisp;3880385
scans;3877627
onset;3858839
assay;3855224
tents;3850460
snack;3847152
pulls;3846669
squid;3828491
maxim;3820484
slate;3813904
pagan;3805644
widow;3804620
skies;3796788
kicks;3792491
canoe;3790795
juicy;3778910
moody;3776452
pedal;3763705
tuned;3761208
scrap;3757085
terra;3747696
vapor;3744912
aloud;3743858
goose;3739382
hydro;3725464
playa;3723548
noisy;3722908
abide;3722809
bliss;3708978
parse;3698919
jelly;3698541
mania;3688699
bolts;3682849
typed;3681027
cheer;3648929
clamp;3639509
grape;3638159
deeds;3636121
traps;3628684
racer;3625077
guilt;3623942
sweep;3623863
ducks;3618693
lunar;3611744
posed;3604888
forks;3592612
boxer;3592432
weigh;3587993
rodeo;3587192
moose;3581329
crush;3576348
lever;3566558
tasty;3565676
rants;3561826
tarot;3561389
carts;3559795
cocoa;3557169
mixes;3552046
panty;3546636
bulls;3540837
hurry;3536968
clash;3531117
biker;3530897
stain;3512824
reign;3505605
baron;3504549
bates;3503755
stiff;3492842
rabbi;3488700
sushi;3488691
puffy;3488647
elbow;3484326
stark;3479265
circa;3475462
razor;3451657
cough;3451640
isles;3443470
ovens;3443150
inlet;3433125
bronx;3430081
gloss;3426618
panda;3424825
porch;3420626
eaten;3412832
sinks;3399604
steep;3399504
dinar;3399128
creed;3398609
carat;3398374
faxes;3386604
plump;3386553
midst;3381410
borne;3379421
tempo;3372997
torch;3360286
hacks;3348166
attic;3347389
piper;3346631
stems;3336905
toons;3318074
tenth;3317039
desks;3315227
aided;3314916
cutie;3305791
notch;3302495
lacks;3296569
bowie;3287191
poses;3280246
scent;3277212
fines;3270544
grasp;3270025
ounce;3268355
buena;3265206
toast;3262695
kinky;3254161
quota;3245515
versa;3244429
jumbo;3237095
maths;3231878
flint;3230800
dummy;3230609
awake;3230337
burnt;3221640
studs;3215366
roast;3205415
petty;3195594
shiny;3192674
smash;3192001
ample;3187842
scarf;3181107
hated;3173792
spicy;3170817
fools;3167945
beard;3166516
wedge;3162851
ruins;3159891
hyper;3153749
cites;3151464
gamer;3144985
savvy;3140230
norms;3135997
prima;3131523
fetal;3127968
palms;3127466
chord;3123447
hawks;3117529
irons;3116159
comet;3116034
lotto;3112797
syrup;3108136
erase;3086642
bites;3086130
prose;3085898
swear;3082372
intra;3081776
clown;3081501
taboo;3079923
dwarf;3072068
pines;3062800
fucks;3058134
urges;3054809
beams;3032813
props;3032812
dough;3032657
stool;3031945
welch;3031408
horde;3026646
mommy;3025970
nanny;3025474
roach;3017586
ashes;3011008
natal;3010028
locus;3009222
prone;3001079
clues;2988321
crews;2986282
timed;2978189
scare;2972708
thief;2970770
motif;2961524
hurts;2956264
spear;2942538
birch;2936180
slash;2935535
mikes;2933878
helix;2921411
shook;2917411
matte;2909215
zebra;2902469
fetch;2897593
unite;2888724
shear;2886210
ponds;2882178
trump;2879094
mates;2878121
avian;2877167
visas;2876354
champ;2867858
recap;2861982
astro;2860399
crawl;2859784
flaws;2856172
hazel;2841268
messy;2833021
rupee;2831536
lungs;2828099
jacks;2818856
stole;2814273
quasi;2804115
exile;2801261
knots;2796342
kappa;2793667
jumps;2793122
snoop;2787168
vague;2783775
wraps;2781569
rusty;2780895
warns;2775722
sting;2773263
bravo;2772503
liter;2768775
basil;2757419
paced;2755521
shack;2739743
sleek;2734565
cafes;2730706
hitch;2730000
nexus;2728391
tango;2727306
sings;2723225
carte;2722336
queer;2717979
pains;2717960
comma;2711522
geeks;2710575
avant;2710283
torah;2698722
freed;2683280
cheek;2681029
lasts;2678667
bowel;2666510
chats;2666432
mafia;2666020
shire;2665081
scams;2662588
lipid;2662396
mains;2652029
misty;2651773
prism;2648058
rests;2645136
vegan;2642418
groom;2637912
weeds;2634421
beers;2633610
fills;2630389
grips;2629556
kayak;2628993
altar;2627835
gears;2626927
risen;2619862
rhino;2619135
ruler;2615554
swept;2612095
troop;2609404
arose;2609029
hogan;2600534
slips;2587498
trays;2586701
flock;2585098
shave;2580057
swamp;2575587
faint;2565744
gland;2561362
blows;2556663
stoke;2552684
nasal;2536094
nitro;2533124
loser;2529180
jolly;2522092
femme;2521124
siege;2518421
tyres;2510350
butte;2505600
hicks;2503430
chalk;2498505
negro;2489080
wrath;2486700
grind;2482307
blitz;2476009
cooks;2470395
rainy;2469088
viola;2458792
rumor;2455494
volts;2454421
diver;2452406
blaze;2448412
wreck;2447935
hoops;2438525
horns;2427037
risky;2412508
tulip;2406691
owing;2399321
annum;2390404
ropes;2384639
cords;2380982
ditch;2373753
slick;2372634
chunk;2371231
reels;2371017
slept;2370802
waits;2362199
tenor;2361385
scrub;2360299
cello;2358848
caves;2355316
cocos;2354000
metre;2350745
topaz;2348935
soaps;2347810
dusty;2339959
patty;2339693
crate;2336818
cared;2333049
sworn;2332355
twink;2332335
beech;2327119
frogs;2326307
expat;2324561
tense;2320926
decal;2311933
temps;2309859
mover;2309084
fauna;2298940
spurs;2295629
ortho;2295530
darts;2290842
tails;2287798
hangs;2287111
quark;2286617
dolce;2283881
veins;2282346
folds;2282227
sneak;2280877
octet;2280607
magna;2269919
polly;2268880
tidal;2268649
crust;2267452
dolly;2266400
miner;2264812
diner;2261961
mound;2259654
chefs;2252629
scion;2245350
hoods;2240850
wears;2237421
regal;2236787
curly;2231026
hound;2228633
wharf;2226856
flick;2226500
datum;2226219
maize;2222076
psalm;2220027
gowns;2217657
leaks;2214133
swell;2213445
ville;2213387
irony;2212193
viper;2201559
gypsy;2201227
litre;2195204
binds;2193939
flare;2190533
crank;2185208
goats;2184919
rains;2183544
brace;2182960
mango;2171900
thigh;2171107
meats;2168286
windy;2162674
steer;2159937
vogue;2159792
aired;2159611
vodka;2155662
knobs;2151258
salts;2144773
soups;2141445
moist;2140516
pests;2136804
petit;2120813
fries;2119656
stall;2114252
serif;2109334
monks;2103722
aloha;2099181
utter;2096533
rents;2094682
cater;2092828
colts;2092808
dunes;2088285
pinch;2082769
troll;2079165
filth;2077997
algae;2068644
shady;2059463
erect;2057313
vests;2056167
valet;2052690
jihad;2048833
raped;2040735
taxis;2034449
hates;2034161
madam;2023575
tease;2019275
aroma;2018777
rowan;2014844
dwell;2014411
stair;2012524
sonny;2004845
rotor;2003039
quart;2002127
bison;2002028
fungi;2000715
greed;1997460
bleed;1989071
incur;1984112
cores;1983675
nifty;1981740
thanx;1979526
dukes;1971678
fudge;1969555
homme;1967874
weave;1965230
exits;1963047
cured;1955657
buggy;1955438
slack;1954286
vines;1952255
gorge;1950264
liens;1947603
cages;1943021
pager;1942889
banjo;1940675
stout;1939514
stare;1925618
missy;1925451
flair;1924190
aisle;1917319
dunno;1917052
limbs;1916350
paved;1914582
seize;1908868
spawn;1908837
epoxy;1908076
stony;1907651
crypt;1904607
bogus;1903710
faded;1899648
tying;1898217
diode;1897828
motto;1894147
deter;1887521
furry;1887389
cubes;1887321
rinse;1885846
tides;1884762
venom;1883158
mummy;1878933
cries;1878107
ether;1877315
sheds;1874143
sofas;1871940
techs;1865665
haute;1863024
wacky;1861879
muddy;1860188
shalt;1854326
visor;1850201
naive;1848489
hires;1845244
folio;1842202
fiery;1838655
fakes;1833800
acorn;1825652
basal;1821739
smoky;1818184
flirt;1817719
slang;1817718
finch;1816047
largo;1814464
tally;1812605
creep;1811981
agile;1808955
sacks;1808394
kiosk;1808146
ionic;1808092
stray;1807545
poppy;1805254
forte;1795408
waive;1789027
greet;1784219
lymph;1781845
latch;1777882
verbs;1777489
drank;1777243
torso;1769562
grabs;1763328
wards;1759766
hinge;1758893
faire;1756290
stunt;1754828
maven;1754819
vitae;1754634
witty;1753886
hertz;1752925
flown;1749635
silky;1749406
repay;1746487
await;1745587
fetus;1744267
cider;1743446
gangs;1743105
lilac;1738684
sinus;1738565
hears;1737280
pivot;1734444
glide;1731344
creme;1724183
waltz;1723021
blush;1722003
modal;1718570
cadet;1717624
opted;1708067
tweak;1705761
trait;1705417
eater;1702828
hides;1700672
layup;1695143
piles;1694029
bezel;1692595
havoc;1692191
sling;1688770
tummy;1685130
axial;1685087
epoch;1680235
plaid;1679093
fable;1678751
scars;1677547
pesos;1676404
spans;1675632
obese;1673406
sober;1672710
tread;1672572
paddy;1668962
mondo;1664921
otter;1662335
earns;1661937
sassy;1657970
vases;1657182
garde;1655823
ramps;1651245
dread;1649823
casts;1645690
needy;1636137
weary;1632945
tweed;1631867
snowy;1631719
genie;1627726
chars;1627316
fined;1620321
apron;1617357
aides;1614522
forma;1614466
yummy;1609762
momma;1609120
sexes;1608110
husky;1606901
bland;1606490
sails;1601569
robes;1600721
adept;1595303
kudos;1589906
krona;1585436
ester;1581770
servo;1581719
snail;1580640
sutra;1580071
mower;1579636
swine;1578713
heron;1576813
graft;1576259
envoy;1574245
clans;1570521
abort;1569892
edged;1568009
duvet;1567578
spade;1567565
glare;1567097
grids;1562935
facto;1560335
haiku;1557648
wafer;1554217
stash;1553737
roofs;1553687
reefs;1553553
semen;1553302
hover;1553261
molds;1552621
leafs;1545582
agony;1543205
lacey;1539328
cones;1538688
lupus;1538621
taxed;1537786
gator;1536519
taped;1534342
docks;1534076
bully;1532418
rhyme;1530733
snort;1522943
triad;1519533
cameo;1517437
leach;1516929
fanny;1516099
milky;1515925
combs;1515329
snaps;1512455
coils;1503707
navel;1503077
bumps;1501221
sable;1501050
spool;1499516
annoy;1497815
toxin;1495922
axiom;1495473
vents;1493908
mater;1493901
humps;1492758
joker;1492319
hikes;1491709
wiped;1491628
heirs;1489908
twill;1489583
cures;1489176
brink;1484879
truss;1484384
khaki;1481504
mould;1479845
gimme;1471759
croft;1468213
penal;1467202
riots;1463036
lapse;1459542
shrub;1458217
finer;1455912
smack;1451860
cloak;1450056
manic;1448525
choke;1448146
gravy;1441099
payer;1439009
moods;1437510
glaze;1431525
infra;1426499
gated;1426083
dizzy;1424316
cribs;1423971
psych;1422877
verge;1422550
nomad;1422041
thorn;1421673
spins;1421064
spoil;1419320
hoses;1416325
lycra;1412522
sissy;1410911
hymns;1409831
palsy;1409502
cuffs;1408615
outta;1401625
xenon;1400039
bayou;1397958
tonic;1393402
potty;1390617
rites;1388265
ditto;1386002
oddly;1385252
undue;1377567
tuple;1376804
elves;1375481
chant;1374428
hutch;1373107
tufts;1372589
parry;1371591
raves;1368538
mamma;1368416
folly;1367992
mural;1367338
wager;1366964
purge;1366135
poser;1361002
perky;1360009
fused;1359038
stump;1357079
scalp;1356840
actin;1356491
melon;1355214
siren;1354779
clasp;1354393
wipes;1350866
krone;1350253
aegis;1349788
amour;1346779
totes;1344312
thugs;1343168
sonar;1341822
ethyl;1339385
lambs;1339048
ulcer;1336605
ethic;1333320
taxon;1333053
thine;1332569
genet;1332113
opium;1330299
enema;1329511
seams;1323885
barge;1319916
famed;1319098
slant;1313083
chops;1312600
broom;1312361
snare;1311615
shank;1311484
leash;1310125
hunts;1310081
cunts;1308527
deems;1307732
ligne;1303464
geese;1299115
polio;1298845
mecca;1298392
broth;1297117
crows;1294733
taper;1294069
revue;1290094
smear;1289528
memos;1286640
serge;1283914
slain;1281084
inode;1280372
quail;1278967
futon;1278430
icing;1277602
strut;1271153
plume;1269109
plank;1265284
enact;1263603
deity;1262430
claws;1260902
manly;1260481
pings;1259320
peril;1258951
hairs;1258412
quads;1254291
maids;1253811
swirl;1251090
emery;1251050
abode;1246541
comfy;1245404
campo;1243547
polka;1242601
wiper;1242341
nicer;1239249
boast;1239080
gents;1239020
perch;1235177
angst;1232364
gecko;1230211
codex;1224930
barns;1223270
raids;1222441
solos;1222232
facet;1221287
wares;1218442
verve;1218256
spree;1218040
embed;1217930
gurus;1217822
brute;1216912
butch;1213820
yarns;1211638
defer;1207925
liars;1207786
saith;1205270
deans;1202452
kites;1202129
dumps;1200377
hanks;1199778
crave;1199466
salty;1196416
zeros;1194886
valor;1193133
sabre;1189329
goofy;1187234
mimic;1187154
ticks;1184410
vigil;1183443
itchy;1181967
bulky;1181562
booze;1178694
widen;1178278
bubba;1178018
adore;1176240
colds;1175947
fluke;1168887
stomp;1168038
glade;1168016
licks;1166907
caste;1166877
libra;1165757
lures;1164163
slows;1163999
flaps;1163036
inset;1162898
druid;1160196
swarm;1158175
ledge;1157598
drown;1156106
bangs;1154062
radon;1153935
abyss;1152408
coder;1152037
niece;1151039
pleas;1150940
flask;1150132
idols;1147911
gusts;1147366
hippo;1146063
dudes;1144089
altos;1143776
overs;1143660
nests;1141883
tesla;1134572
padre;1132184
plead;1125870
sheen;1124463
warts;1122886
medic;1122716
grail;1122474
seine;1121610
lapel;1119712
pecan;1118027
aches;1116644
chime;1115076
remit;1111713
exert;1109622
pinto;1108872
pears;1105539
heats;1105492
lucid;1105349
infer;1104540
dandy;1098188
swaps;1097437
synod;1095269
lousy;1095083
amigo;1094662
caddy;1094377
bleak;1088632
tramp;1087707
minis;1087516
hubby;1080886
safes;1079012
stubs;1076600
dents;1075764
perks;1075589
vibes;1073710
moons;1073540
lathe;1073261
petri;1072903
bylaw;1070798
trims;1070444
leaps;1070198
lends;1069614
crook;1067661
typos;1067335
dives;1066624
stale;1065657
putty;1065017
patsy;1064602
corgi;1063639
swans;1063572
cupid;1061697
piers;1061175
dykes;1060752
haste;1059853
prong;1059042
expos;1056760
berth;1056010
crabs;1055615
lingo;1055245
piggy;1053871
saber;1053669
folic;1050468
lager;1050146
doggy;1048362
divas;1047835
babel;1047472
gonzo;1046835
foyer;1042532
brood;1042305
azure;1042257
sniff;1041321
posse;1038358
pixie;1037554
unset;1035406
melee;1034523
llama;1033922
vowel;1033509
fecal;1032064
humid;1026485
guile;1026260
tutti;1025839
mined;1025833
sores;1024935
titty;1023702
reeds;1021880
lofty;1018661
moron;1017416
dogma;1016614
winch;1016374
evils;1015737
limos;1015393
jocks;1014285
unzip;1014009
floss;1013783
sarge;1013607
shawl;1011728
bends;1010930
pence;1009358
thyme;1007823
chino;1007675
ovary;1003163
bebop;1000401
flops;997539
vices;995524
karat;995377
ginny;995339
tolls;995273
abbot;992552
magma;992528
arson;989351
haunt;985188
fuses;984514
braid;981945
fists;979557
chimp;978917
lefty;978333
heres;978028
vigor;977544
glued;975384
shuts;974390
alder;972850
lawns;971756
raced;970447
deuce;970434
riser;969986
redux;969917
quits;968086
knoll;965905
inlay;965778
craze;962477
roper;959126
fumes;956671
totem;955271
harms;954384
carve;952422
apnea;950562
swish;949054
asker;948596
relic;947341
ethos;946491
cling;946281
toned;943575
erred;943538
caron;942813
dared;942679
nudge;942601
doves;941403
skunk;937406
heaps;937059
hydra;936887
anvil;936808
stalk;936028
inert;935898
eject;935010
rayon;934490
mocha;933522
nouns;932444
faxed;930853
firth;927276
slams;926688
cadre;925745
squat;925062
zoned;923678
pubic;923627
tiara;923335
hives;922837
koala;922217
crock;918524
retry;916420
telex;916110
bowed;915747
primo;912120
clogs;910686
flank;910609
looms;908800
atoll;908471
ducts;907928
mules;907690
spoof;907481
spout;905624
hefty;905281
hoist;905107
slabs;900683
agate;900451
swami;900023
lofts;897893
feral;897865
truce;897431
laird;896267
petal;895903
odors;895586
dries;894704
peeps;893768
tiers;892403
pluck;891481
prick;891337
herds;889724
adder;888956
ascot;888745
germs;888353
grays;888341
frees;888094
vixen;885674
whips;885594
bally;884078
fades;881747
bulge;881613
slump;878659
nerds;878641
laude;878641
enrol;878274
gloom;878018
wakes;876767
marge;876008
comps;873979
edema;873634
stink;872742
overt;871540
slime;869502
swung;867135
waved;867023
libel;866830
fryer;866546
boron;865654
tetra;863969
vowed;863379
skier;863046
tiled;861822
snuff;861230
flied;858118
talon;858061
sorta;855998
stint;855795
shred;851931
sieve;851108
binge;850412
jazzy;849457
limbo;847468
shove;847364
flake;847014
mucho;846045
wiser;841127
flung;838045
fiche;837884
juror;837876
grads;836760
donut;836168
tabor;834301
tenet;834143
chute;834005
mulch;833160
whine;832743
fouls;830765
canes;830262
diced;826353
vicar;825292
prank;825027
kinks;824164
delft;818200
suing;816011
brine;816003
piled;815240
fluff;814535
unfit;814145
rouse;812361
yucca;812282
spiel;811922
gizmo;811158
scamp;810996
cysts;808464
helms;805535
moths;804700
evoke;804417
foxes;801589
gully;800734
gauss;798776
mites;798205
agora;797585
macho;797523
reeve;797352
keyed;795167
jerks;794019
bagel;792721
wists;792363
cults;791725
amaze;791672
easel;791426
carer;791142
gable;790611
laced;790357
quill;790160
mares;789891
chaps;789805
lanai;789800
fermi;789613
dimes;788616
verso;788583
cleft;787981
groin;784476
bower;783946
longs;782210
repro;782095
swain;779597
mourn;779010
girly;778626
pores;777460
oiled;776472
blurb;776249
moray;775524
noses;775113
erode;774411
reals;774273
brisk;774000
eerie;772484
epsom;771110
butyl;770092
shale;769742
anode;768949
torts;768869
crepe;768351
avert;767435
guise;767344
vomit;767124
bongo;767108
shaky;766843
bloke;766763
necks;766318
levee;766160
chews;765973
phony;765758
soles;765275
jetty;765224
nukes;764161
rerun;763880
jerky;763325
codon;762548
argon;760267
morph;759670
clams;758323
speck;757962
papal;754586
duets;754275
labia;753273
mogul;753098
vials;751274
teeny;750932
etext;749440
reins;747535
aural;744671
tombs;742507
frown;742356
privy;742055
sepia;741438
brava;741156
forts;737169
levis;734906
diddy;734427
goody;733518
polos;732192
jails;731402
brant;730649
stork;728360
tunic;727598
farce;727546
howdy;726642
whack;725891
drone;725818
godly;725475
spire;725421
stead;724786
nicks;721039
shrug;720506
boils;720481
covey;720367
dials;719996
aster;718311
ferns;717875
curls;717837
wince;717079
melts;716330
wasps;715192
mitre;714477
bosom;712863
bales;712551
rapes;712505
picky;711200
busts;710437
lumen;710305
pious;707407
tonal;707113
tarts;706018
foggy;704386
shone;704369
leafy;704018
dolor;703247
trove;702353
eased;702343
filer;702264
lusty;702157
arias;701697
steed;701658
hasty;700024
munch;699127
clove;698870
preps;698730
leech;698609
mylar;698551
giver;698546
nymph;697326
frail;696174
tikes;696108
swank;695208
churn;694218
muted;693571
feats;693557
bumpy;692057
aleph;692035
amine;689951
spake;688769
awoke;688520
parka;688453
prune;688443
cairn;688283
knits;687393
nutty;686428
sever;686306
jello;685368
toric;685050
titre;683909
bonne;683697
fling;682999
drier;679179
auger;678597
dales;678083
domes;676815
execs;676432
hiker;676389
zloty;676066
coeds;673554
crumb;673404
pinky;672775
mints;672742
yikes;672164
grate;672155
fiend;670385
baits;669063
wicks;668862
fleas;668194
taupe;668030
heals;666561
runes;664374
pique;664313
swore;663914
trier;663496
memes;662337
wilco;662169
livre;660631
cools;659994
legit;658762
wands;658592
fishy;658490
filmy;657205
timid;657204
veils;655338
leaky;650957
molar;650262
mamas;649492
earls;649223
hyped;648758
batik;648561
odour;648137
gulch;647573
axles;647257
henna;646514
bribe;646492
doped;646161
towed;644374
lisle;643841
canto;643291
aorta;641057
delve;640909
crimp;640746
lumps;640708
facie;640686
clout;639706
feces;639441
fella;639391
phage;638631
alkyl;637228
paces;634682
glyph;632257
plumb;631703
unify;631185
briar;630788
junta;629394
grout;628986
curie;628416
taker;625940
janes;624883
sages;624245
scorn;622924
whirl;622629
hinds;621387
tibia;620778
pesky;619402
moles;619237
obits;618473
shams;618299
knack;616898
rivet;616847
grunt;616546
eases;615614
buffs;614179
lotta;613607
rabid;612676
cumin;612220
payee;611882
nosed;611383
laces;610254
aunts;609018
hippy;608617
strep;608154
roost;608008
mitts;606942
nappy;606925
evade;605626
lapis;605210
webby;605178
shunt;604152
synch;603920
sects;603808
tawny;602308
mucus;600467
flips;598531
aptly;598371
liege;598284
sheik;596893
pints;596841
piety;595389
goofs;594965
froze;594804
tacit;594255
modus;592874
whisk;591308
unmet;590631
hails;590036
mauve;589931
spore;589081
crept;588735
firma;587233
canna;586192
punks;585036
bugle;583867
fours;583578
comer;581184
calla;580506
redox;578593
bimbo;577216
moors;577097
waged;576479
waxed;576427
jaded;576218
radii;575939
roomy;574188
heros;574043
nears;573618
lasso;573529
waxes;572169
bevel;571985
dodgy;571643
neath;571177
ender;568591
coney;568494
ioctl;568268
brawl;567755
tubal;566730
chore;565322
sighs;564251
piped;560993
dells;560024
boson;559775
anima;559141
trams;558296
octal;557500
gauze;556178
gazed;555917
skips;555853
amuse;554922
fixer;554896
haves;554576
idiom;554390
trawl;553588
gamut;553397
pease;551869
paras;551039
manta;550732
filet;550472
lorry;549887
beryl;547615
saute;546457
revel;546018
madly;545418
gripe;545043
summa;545031
lowly;543486
scant;543285
flier;542812
pours;540889
amity;540428
drool;539170
casas;538695
hallo;537426
hades;536971
zonal;536783
defun;536772
honky;536122
muses;535008
freer;534734
leans;533946
foils;533300
buoys;532923
murky;532036
tongs;531760
yanks;531722
cabal;531622
poked;530699
passe;528622
gnats;527105
solon;527040
dares;526302
cynic;525906
booms;524101
swipe;524034
clays;522200
pesto;521625
lubes;520715
bough;520067
radix;520001
grist;519954
sloth;519428
fates;519225
stews;519188
tacky;519106
drags;518855
mumps;517472
chasm;517410
styli;517320
masse;515818
ravel;515098
decoy;514956
grime;514156
eared;513815
rigor;513599
gusto;512932
tacos;512088
dwelt;512083
hilly;511265
sager;511124
caged;511070
prawn;510828
algal;510781
rowdy;510507
popes;510461
torus;509986
cotta;509908
chock;508651
emits;508331
curio;506765
voila;506278
savor;506115
anion;504530
tabby;504455
therm;504374
dazed;503682
sited;503306
puffs;502996
bossa;502642
gourd;502106
moped;501534
foray;499808
filly;499537
vulva;499113
nodal;497653
aloft;497342
mated;497140
plums;496751
telly;496040
slurp;495920
tempt;494586
bathe;494252
girth;492919
molto;492050
lobes;491048
coals;490751
brunt;489270
glens;489161
ember;488846
islet;488105
gulls;485882
balsa;485561
caper;485193
quack;484886
drape;484861
mezzo;483806
silos;483560
giddy;483433
oaths;483079
hells;480906
broil;479526
cacti;478989
curbs;478423
jiffy;475865
colic;475478
warms;474877
saucy;474568
askew;473664
groan;473578
touts;473474
toile;473077
antes;472677
ducky;471241
abate;470646
voids;470343
mossy;470059
droid;469988
clots;468861
spina;468643
hater;467834
expel;467751
swoop;467481
gumbo;467464
mavis;466837
lured;466613
manna;465463
soars;465187
adorn;464591
dorms;464581
pimps;464373
pared;464171
slums;463980
squaw;463592
bouts;463473
epics;462834
larva;462298
growl;461820
brash;461753
fader;461088
slits;460082
chard;459373
sully;458846
inept;458533
divan;457821
snark;457068
papas;456613
thump;456603
decaf;456390
minas;455535
bruin;455296
dimer;455104
capes;454767
salvo;454555
twigs;454542
degas;454377
joked;454255
fared;454064
fleck;454043
mists;452867
zippy;452440
goers;452132
slugs;450646
miter;450148
rafts;449911
avast;449613
moans;449401
eaves;449278
alibi;448710
pikes;448113
bueno;447694
peels;447468
trike;446953
credo;446499
femur;446209
bushy;445882
grits;445581
golem;444797
faked;444208
affix;444121
quirk;444069
flaky;442666
domed;441740
smurf;441686
panes;441440
treks;440547
beets;439436
repel;439316
poste;439039
puree;438733
bonny;438690
swath;438339
prods;436798
harem;435962
fussy;435961
shoal;435185
heady;434375
fives;433791
hoard;433375
meson;431998
spelt;431427
barks;431387
nerdy;431324
knelt;429464
glues;428787
fated;427996
halts;427571
yerba;427538
cinch;427247
cubed;426932
dinky;426751
stirs;426699
honed;426659
scrum;425870
lopes;425806
snipe;425778
beaux;425302
litho;423435
thane;423334
salve;423303
winks;422977
hulls;422721
friar;422181
pygmy;421975
pansy;420775
dingo;420174
baggy;419677
heist;419629
wield;419233
adage;419158
morel;418685
budge;418361
silks;418180
kneel;417602
masts;417163
peony;416831
batty;416010
bongs;415527
twine;415457
agape;414471
bilge;412304
chewy;412145
grins;412096
busby;412048
cheep;411919
pasha;411571
scour;411478
leapt;411241
taffy;411033
brows;409717
pacer;409457
bitty;409188
flack;408860
crass;408565
yells;407816
vocab;407673
plein;407497
durst;407334
inked;406603
rumba;404980
spunk;404915
stung;404657
smirk;403780
toads;402717
lossy;402399
cramp;402123
moxie;401036
gills;400858
aways;400767
fugue;400733
hoary;400092
sills;397916
igloo;397625
rakes;396996
dikes;396736
allot;396325
meaty;395095
gages;395070
egret;394773
piney;394672
felon;392714
nacho;392622
swims;391399
spasm;391339
rimes;390910
dusky;390563
proms;390236
gluon;389852
slush;389608
aphis;389447
trios;389195
vouch;388963
gales;388808
gipsy;387772
ruddy;387590
fjord;387543
shiki;387423
basso;387021
fords;386914
axons;385758
boned;385216
junky;384718
dirge;384505
dames;384012
runny;383747
edict;382916
shrew;382770
foals;382728
cased;382486
prays;382397
nonce;382363
lemme;382355
kilns;381759
mirth;381439
kilts;380643
booby;379438
conch;379190
corny;378659
noose;378201
recur;378119
zooms;377094
taint;375008
chine;374606
crier;374599
hamza;374290
beset;373969
swede;373827
glows;372911
ladle;372653
pinks;372544
surly;372213
cleat;371970
pismo;371211
glebe;371095
brews;369926
laity;368163
hales;367827
beefy;366863
skits;366784
lites;366325
welds;366291
noire;366191
spiny;366114
wahoo;366081
bazar;365968
clung;365864
maxis;365513
graze;364990
afoot;364417
woken;364304
hotly;364264
glitz;363646
stave;363443
shins;362796
punts;362615
crick;362258
sedge;361236
rummy;360935
stoop;360440
curvy;360365
jeeps;359631
rages;359354
tithe;359291
cocky;358614
beano;358497
idler;358013
slaps;357339
spate;357156
semis;357039
gleam;356949
halos;356716
kilos;355739
tamer;355602
trice;354532
stile;353280
nadir;353146
gavel;352668
sahib;352239
profs;352040
foams;351933
feist;351412
spitz;351048
splat;350981
snows;350890
bogey;350651
nitty;349781
vying;348440
pooch;348386
adios;348221
fatwa;347937
whims;347565
fangs;347216
wiles;347101
ensue;347067
slimy;346686
borer;345460
clump;345355
tarps;344956
tilde;344748
midis;344574
skids;343992
skeet;343898
prowl;343421
dimly;342692
razer;341675
hymen;341598
forgo;340426
tacks;340393
brats;339931
faery;339469
poise;339263
duchy;339003
etude;338721
gaunt;338487
suave;336960
tulle;336799
gabby;336756
gooey;335656
bidet;335335
didst;335242
tangy;333638
artsy;333481
wilds;333381
golds;333197
brads;332940
grebe;332810
blobs;332665
payed;332515
rondo;332097
whoop;331753
cacao;331714
soggy;331525
beret;330199
golly;329846
snips;329153
scrip;328826
crump;328553
mince;328039
frets;327989
hunch;327195
spurt;325911
rater;325717
mazes;325527
farts;325011
anise;324336
pinup;323824
dixit;322848
swabs;322684
prise;322565
terns;322293
raged;322172
hiked;321931
umbra;321800
amply;321480
spits;321273
loony;320048
duped;319795
rumps;319557
inane;319343
corky;318993
yolks;318800
spook;318653
amped;318536
snags;318312
olden;318215
reedy;316918
ceded;316917
amide;316773
sleds;316641
wreak;316442
vivre;316235
bloat;315923
kiwis;315840
seder;315708
assed;312711
conga;312319
agave;312239
beeps;311081
greys;310921
wench;310447
pawns;309696
quint;309126
loins;308897
melba;308005
bream;307756
imago;307167
orcas;307125
jakes;307048
betas;306327
omits;306112
sleet;305148
drips;303778
polis;303594
soapy;303519
tardy;303140
harps;302084
boner;301402
smelt;301053
yearn;300957
paged;300118
erupt;300083
carne;299731
sodas;299348
plats;299052
upped;298533
belay;297360
slats;297172
lumpy;296904
galls;296535
unary;296481
heave;296454
rarer;296244
ahold;295977
snook;295873
coven;295821
mores;295725
elegy;295636
sloop;295505
taunt;295148
aphid;295138
myrrh;294893
chaff;294863
showy;294798
emcee;294621
spied;294373
aloof;294291
snore;294125
silty;293612
duper;293268
ochre;293192
quell;292803
posit;292597
duomo;291121
dined;290743
magus;290097
bores;289979
vireo;289521
umber;289235
goths;289217
areal;289091
downy;288639
kudzu;288577
lemur;287912
terse;287692
trite;287494
shard;287428
hanky;287363
nicad;287230
sires;286232
dowel;285802
bards;285757
stags;285274
pylon;285153
seedy;284954
caret;284139
weeps;282891
quoth;282770
ditty;281979
skiff;281833
gummy;281705
varia;281539
rebar;281535
sisal;280742
clave;279866
pokes;279744
hunky;279599
tipsy;279464
atria;279451
sagas;279405
cress;279364
culpa;278558
froth;278469
tubby;277187
mired;276967
breve;276955
rinks;276753
raver;276658
smote;276278
mushy;275321
dozer;275217
dowry;275011
adieu;274747
snuck;274495
campy;274413
awash;274221
barbs;274090
aback;272920
scaly;272847
glint;272373
stoic;272080
ahhhh;272065
alums;271859
amiss;271389
livid;270785
hares;270712
pokey;270609
smite;270393
chump;270215
scoot;269666
hyena;268889
daffy;268813
blurs;268623
stabs;268482
lurks;268163
larch;267733
situs;267454
byway;266973
pleat;266830
utero;266458
swash;265955
clank;265523
marts;265406
locos;265108
ruble;265028
brier;264521
coves;264469
noddy;263991
doers;263783
blimp;263458
loopy;263368
chomp;263066
rosin;262173
wilts;261805
gulag;261761
macaw;261749
opals;261351
kooks;261188
dived;261166
baldy;261017
crocs;260943
loner;260915
writs;260366
banal;260129
rears;260073
lolly;259984
guava;259541
holed;259059
wimpy;258895
snout;258314
bigot;258267
goons;258119
titer;258055
paves;257565
balms;256614
wooly;256170
irate;256072
sitar;255993
pushy;255990
sheaf;255879
roars;255578
dingy;255349
duals;255075
rands;254831
truer;254461
limes;254454
kraut;254150
reams;253943
quays;253791
slung;253265
bight;253016
fells;252935
tucks;252616
oxbow;252273
calyx;252215
wacko;251238
pails;250638
burly;250632
mange;250483
dings;250449
mowed;250292
gouda;249914
leeks;249429
lusts;249268
blots;249068
raked;248939
gaudy;248813
swoon;248694
frosh;248077
kebab;248067
ambit;247267
ghoul;247064
clack;246726
lotsa;246642
whiff;246582
caulk;245944
tilts;245809
flees;244621
blocs;244531
sayer;243924
tarry;243850
joule;243810
tuber;243798
vexed;243525
plied;243191
twang;243118
ombre;243069
belli;242871
calms;242513
obeys;242408
voile;242035
whorl;241096
gouge;240551
chirp;240510
halve;240290
tamed;239956
rower;239796
snafu;239431
prams;238922
legos;238758
monad;238651
bandy;238539
shits;238365
snide;238032
dusts;237576
gruff;237505
buxom;237464
musty;237343
knead;235592
lamas;235575
rebut;235254
coups;234254
segue;234120
dotty;234104
twirl;234072
ingot;234052
mimeo;233985
guppy;233792
rooks;233375
homey;233113
glean;232952
voxel;232056
pasty;231237
shoji;231018
paver;231018
ovals;230020
crone;229759
pubes;229514
thunk;229475
laver;229347
peeks;229261
creel;228934
delis;228848
fosse;228402
pater;227685
mused;227635
shays;227563
rebus;227042
foamy;226531
lurid;226354
pampa;226170
mulls;225977
hoots;225519
whiny;225341
huffy;225112
bests;224868
tinge;224709
scuff;224673
quips;224626
cruse;223824
evens;223759
muffs;223133
chums;223080
tomes;222783
miser;222219
phlox;221261
sakes;221028
tepid;220695
slurs;220561
smock;220361
sired;220280
sooty;220245
cubby;220112
porky;220042
covet;219812
gyros;219254
loons;218446
cored;217931
dears;217282
tints;217070
waver;217064
conic;216832
bares;216791
strum;216746
omens;216634
rheum;216585
vanes;216576
sappy;216405
mocks;216156
natty;215845
pinko;215529
elude;215496
tripe;215448
becks;215169
saran;215052
bromo;215016
liven;214914
spilt;214786
dunks;214757
bunks;214252
peeve;213790
gutsy;213692
nooks;213440
selah;213338
shyly;213165
scone;213031
throb;212889
duels;212809
shims;212293
mumbo;211758
miler;211732
evict;211591
neigh;211412
balmy;210906
toots;210204
zesty;210124
canny;209480
rifts;209369
vroom;209222
rumen;208759
krill;208654
skein;208604
moldy;208515
nines;208082
arity;207468
aught;207367
unban;207262
narco;207216
gules;206933
corks;206732
plows;206634
waker;206432
chins;206390
perms;205764
tryst;205722
fossa;205501
cotes;205184
lurch;204983
quash;204823
hokey;204777
mufti;204002
gasps;203961
septa;203819
spars;203700
howls;203629
sneer;203583
curia;203518
allay;203474
decry;203238
sizer;202590
gusty;202515
usury;201906
hooch;201647
alway;201600
steno;201103
plies;200925
leper;200592
oldie;200255
tater;200207
canst;199219
muons;199181
lunge;199129
hosed;198644
rives;198588
wrens;198351
tenon;198272
novae;198124
polyp;197981
refit;197564
dosed;197560
pucks;197236
kerns;197073
ouija;196199
slink;196197
droll;196087
endow;195844
razed;195746
klutz;195206
joist;194739
fizzy;194519
offal;194416
dawns;194371
staid;194345
pithy;194285
shirk;194196
pangs;194132
knell;193672
exalt;193526
russe;193236
juste;193108
wisps;193038
oaten;192579
zingy;192302
laker;192269
guano;191918
boars;191697
afore;191691
begat;191296
ripen;191197
brawn;191036
pacts;190899
putts;190514
flyby;188696
wring;188579
stilt;188393
pavan;188282
seeps;188076
slims;187926
roped;187674
clang;187651
djinn;187307
saris;187170
bared;186940
humus;186734
harum;186624
lauds;186539
pales;185911
felts;185685
tykes;185622
frock;185379
wrest;185267
runic;185207
shute;184885
copes;184788
recto;184754
ashen;184747
snarl;184639
waned;183450
punky;183430
finis;183173
neato;182680
leggy;182670
nulls;182242
caved;182199
corns;182185
dados;181878
bocce;181807
amass;181774
iliac;181298
techy;181185
spiky;181090
sumac;181045
dower;181025
wordy;180947
reeks;180768
bogie;180493
jaunt;180434
spier;180057
wifey;179979
imams;178887
dicky;178722
hoppy;178655
gorse;178549
louse;178544
burro;178515
ileum;178356
bassi;178307
scoff;177728
oodle;177704
maser;177541
musky;177529
furor;177433
oomph;177199
casks;177165
wader;176850
sixes;176765
fugit;176280
dregs;175993
udder;175766
asana;175243
sewed;175012
malts;174495
sabra;174408
biome;174268
echos;174213
scull;174118
flume;173970
bakes;173816
rungs;173503
edger;173335
trill;172713
borax;172497
wimps;172107
coped;171985
lowed;171464
usurp;171456
staph;171410
kapok;170880
crags;170586
bodes;170580
brack;170564
homed;170394
scold;170208
tress;170140
folia;169908
sawed;169894
croak;169181
abhor;169167
reman;169056
dopey;169040
tweet;168757
leery;168700
rowed;168567
elfin;168528
emote;168497
meads;168366
jumpy;168187
testy;167487
abend;167377
pasts;166896
infix;166395
liras;166076
geode;166060
minim;165667
riven;165533
jeers;165473
soaks;165469
ohhhh;164656
snobs;164598
taxol;164459
dicta;164449
clink;164177
weirs;163720
shill;163716
bossy;163576
arras;163483
whist;163310
ketch;163062
softs;162553
lunes;162527
lapin;162426
manes;162340
swart;162262
weald;162053
dicey;161963
hocus;161938
dowdy;161797
rials;161604
dungy;161356
dilly;161256
gamba;161217
folky;161177
stuns;161099
bawdy;160667
beaut;160328
joust;160309
weedy;160228
grope;160148
booed;160116
afoul;159727
hames;159559
altho;159231
blest;159216
mesas;159214
feuds;158477
toque;158397
milks;158281
hiver;158244
paren;158052
cilia;157701
torte;157289
rajah;157089
gazes;156793
twats;156751
peppy;156692
loess;156409
sulky;156355
egger;156232
droop;156194
waded;156095
cuppa;155780
grubs;155690
flail;155382
eland;155343
ardor;155258
tinny;155192
sexed;155161
talus;155055
apace;154873
carob;154818
boric;154527
dross;154345
yucky;154277
hauls;154079
dorky;153891
baler;153800
mutes;153707
kooky;153380
ached;153141
xylem;153110
atone;152901
paler;152772
cuter;152750
frisk;152512
oiler;152495
pumas;152053
loath;151677
remap;151596
exult;151420
claps;151414
pipet;151087
spews;150306
galas;150294
vetch;150281
toyed;149746
extol;149713
knave;149542
croup;149483
quire;149380
goeth;149310
brags;149273
bails;149105
moats;149042
dirks;148968
ratty;148678
pilaf;148512
lamer;148317
gunny;148136
antic;147936
hirer;147904
fowls;147855
coons;147809
berms;147739
nudie;147669
cushy;147465
husks;147291
raved;147221
reaps;147148
recut;146984
scrim;146877
gilts;146810
nihil;146679
untie;146576
annul;146490
lanky;146488
vises;146483
outdo;146433
dorks;146028
mammy;145805
beaks;145800
hexes;145736
banns;145651
ennui;145576
purer;145370
porgy;145097
colas;145079
bleat;144793
coops;144776
thins;144657
pappy;144540
fasts;144307
offen;144005
sprig;143773
ovate;143727
dally;142954
duces;142487
tings;142437
shorn;142311
orals;141983
exude;141931
gamin;141727
surfs;141721
amble;141586
fiver;141567
ducal;141276
sooth;141125
aider;140957
tuxes;140219
scram;139774
jawed;139535
ulnar;139384
lobed;139319
vagus;139242
yogic;139187
grimy;139160
burrs;138116
loamy;138014
jinks;137967
biddy;137910
crony;137861
swags;137708
duffs;137632
nurbs;137510
teary;137396
sower;137381
kiddo;136981
bombe;136941
nuked;136859
satyr;136838
pares;136717
yokes;136612
drams;136033
fount;135738
meany;135676
lithe;135670
tusks;135636
bitsy;135378
robed;135344
pelts;135142
auras;134666
skied;134470
seers;134265
cluck;134048
pions;133998
pates;133896
cubit;133644
vinca;133399
kazoo;133068
gaffe;132748
liken;132264
nosey;132182
toddy;131875
spoor;131836
doily;131677
wowed;131643
chink;131531
gaily;131276
harts;131060
henge;130779
oozes;130679
kluge;130258
tatty;130077
divot;129847
tines;129756
gazer;129741
chert;129249
cordy;129080
buzzy;128866
frizz;128481
eider;128336
novas;128279
wooed;127627
glans;127535
pulps;127398
biter;127349
doeth;127016
warps;126492
wonks;126261
sedum;126177
undid;126166
hubba;126157
purrs;126070
betel;126006
wonky;125930
unwed;125824
syncs;125756
clued;125391
boggy;125025
tunas;124886
lifer;124674
meted;124510
creak;124122
splay;124026
dupes;123989
larks;123985
eclat;123738
mutts;123475
irked;123287
toils;123054
scabs;122925
abled;122479
stoma;122408
nates;122231
seest;121930
jukes;121710
gongs;121530
raper;121418
wrung;121159
manse;120966
wests;120920
augur;120764
motes;120668
idyll;120651
riled;120346
kyrie;120056
veers;119882
beget;119815
wispy;119494
inure;119454
dryad;119314
chafe;118832
tapis;118812
deary;118782
nobly;118764
bunko;118710
fixit;118592
skint;118519
nobby;118253
cruft;118000
tippy;117798
serfs;117599
jammy;117557
feign;116753
mealy;116752
boule;116726
zilch;116722
pupae;116657
shuck;116293
neons;116180
annas;115640
haply;115439
scowl;115386
belch;115135
limey;115046
plonk;114698
ohmic;114621
dices;114430
dines;114059
whizz;114054
capon;113985
afire;113772
sowed;113771
gloat;113594
tames;113169
squib;112968
topos;112958
coots;112876
dunce;112570
hoofs;112318
drawl;112289
chive;112120
sibyl;111857
warty;111349
clefs;111325
mucky;111308
moire;110581
vapid;110502
aglow;110328
fetes;110094
sprue;109524
avers;109324
groks;109301
fumed;109154
washy;108651
teats;108388
junco;107991
catty;107679
skimp;107336
caned;107189
aerie;107043
harpy;107008
singe;106880
plunk;106835
donee;106741
abuts;106431
whoso;106286
pssst;106081
beefs;106016
picot;105908
fores;105776
deism;105376
yogis;105107
raspy;105094
ovoid;105072
imbue;105068
slags;105005
ogres;104863
acrid;104638
matey;104596
snarf;104552
comas;104043
holon;104017
inker;103849
youse;103842
jolts;103839
belie;103562
slyly;103507
shied;103457
opine;103450
lutes;103371
plait;103227
namer;103097
soled;102946
geoid;102915
adlib;102724
turds;102668
zooey;102570
wails;102509
fazed;102487
abuzz;101924
alkyd;101898
spuds;101849
scald;101839
hadst;101518
leant;101406
trots;100981
stank;100733
mazer;100444
tills;100375
bahts;100220
yawns;99793
frill;99652
vamps;99641
dooms;99351
pocky;98692
okays;98655
roams;98175
herby;98109
lavas;97676
flics;97473
cokes;97382
curds;97052
aimer;96862
dryly;96792
uteri;96583
farad;96545
capos;96287
tench;96238
corer;96129
copra;95887
musta;95742
dovey;95730
gonad;95676
ilium;95618
sebum;95387
baste;95369
moots;95227
cruet;95123
cower;95006
soupy;94968
hones;94922
deign;94806
unlit;94251
rices;94158
groat;94121
wryly;93928
banes;93807
julep;93700
mecum;93648
wools;93608
prude;93351
pekoe;93324
poops;93165
keyer;93121
blips;93096
tubas;92891
wurst;92889
wazoo;92888
waked;92803
snubs;92798
oases;92726
pally;92509
penes;92434
botch;92410
swill;92032
blued;91789
caked;91635
wroth;91544
lochs;91499
pukka;91215
dozed;91195
phyla;91181
perdu;91173
gamed;90910
foots;90698
copse;90567
gapes;90458
gigas;90433
totty;90429
beery;90230
dyers;89927
rayed;89872
hider;89689
ruder;89666
dicot;89663
cowed;89560
dater;89544
deeps;89493
pudgy;89451
sprit;89293
newts;89263
natch;89014
oboes;88914
lordy;88710
burry;88635
lucre;88448
ferny;88255
fiord;88109
deque;88106
jades;88101
gesso;88099
sated;88075
dumpy;88067
beady;87974
hammy;87772
bronc;87727
coset;87359
envoi;87197
feint;86983
cusps;86926
cento;86902
vires;86820
tapir;86809
blurt;86781
tempi;86775
attar;86729
frond;86555
sicko;86555
impel;86447
solum;86424
barer;86373
hussy;85775
monic;85571
caped;85551
holey;85208
shuns;85070
loper;85037
carps;84962
preys;84918
vales;84769
aioli;84769
smuts;84644
saner;84491
prest;84451
newel;84386
hobos;83858
homos;83610
gores;83507
saxes;83366
motet;83259
mimes;83183
recta;82905
villi;82864
pried;82841
douse;82837
ritzy;82832
jingo;82827
poset;82679
antsy;82656
hafta;82485
arses;82425
sprog;82267
gruel;82196
treed;82145
muggy;82131
hooky;81957
heigh;81875
lieth;81712
wolds;81225
thous;81063
sulfa;81028
impro;80874
goner;80810
bluer;80668
snood;80464
seeth;80062
milch;80059
abaca;79841
flunk;79790
paean;79770
sines;79686
slays;79674
troth;79632
riles;79480
auric;79392
sours;79324
spurn;79323
oozed;79302
nixed;79256
nixes;79192
flues;79163
wades;79144
plink;79119
malty;79102
morts;78882
sward;78801
bosun;78787
keels;78676
pecks;78669
hullo;78656
crits;78587
fatso;78585
spats;78562
baled;78514
doled;78428
gutta;78367
plena;78351
ousts;78184
sates;78143
peals;78085
sumps;77965
fames;77940
scarp;77653
lento;77400
paled;77239
mooch;77236
idled;77146
grump;77025
tansy;77016
doles;76967
purty;76953
biped;76820
hovel;76694
wanes;76465
stunk;76458
fauns;76451
melds;76245
stele;76134
dreck;76098
globs;76001
czars;75932
fetid;75712
kaput;75678
sways;75398
grata;75385
doozy;75350
skews;75297
nippy;75292
welts;75287
rinds;75276
moult;75151
redid;75136
barmy;75129
elope;74984
sinew;74869
noter;74828
fawns;74673
doyen;74532
finny;74417
yodel;74408
spiff;74236
pieta;74232
riper;74056
esses;74013
poach;73747
twixt;73594
preen;73524
surer;73497
gored;73382
genii;72886
woozy;72439
flout;72396
kabob;72387
lairs;72338
feted;72254
naves;72133
boozy;71828
aargh;71592
clews;71501
hocks;71483
dyads;71474
yoked;71366
tares;71332
fovea;71302
quals;71270
kneed;71162
amuck;70822
tizzy;70708
whelp;70407
deist;70349
darks;70225
bruit;69936
aleck;69914
tiffs;69678
ploys;69545
edify;69341
piker;69323
sprat;69321
matzo;69250
puked;69085
oaken;69075
fogey;69046
dynes;68914
wrack;68820
mends;68803
pewee;68670
blahs;68598
moony;68559
lefts;68445
metes;68419
hoagy;68416
quoin;68402
pupal;68283
fakir;68147
gaits;68049
shish;67812
hazes;67509
bwana;67496
gaped;67468
paned;67297
wises;67266
clunk;67116
briny;66915
cagey;66504
aloes;66464
tromp;66441
dully;66436
twits;66404
weepy;66392
kerbs;66370
chide;66368
rooty;66186
musts;66009
tabus;66004
egged;65964
croon;65773
tubed;65659
bated;65650
caner;65626
civet;65522
toffs;65122
mosey;65040
pubis;65001
zombi;64988
duddy;64868
schwa;64634
mebbe;64576
scats;64414
mixup;64397
newsy;64185
zowie;64098
lings;63925
toady;63910
hurls;63654
oring;63639
venal;63578
clime;63515
licit;63456
gassy;63283
strop;63137
diest;62995
bused;62772
balks;62743
faker;62739
brims;62671
waifs;62596
routs;62357
cooed;62292
poesy;62166
gayer;62075
baser;62041
bipod;61691
rubes;61690
tecum;61624
looky;61599
cabby;61542
yenta;61349
antis;61179
calve;61132
calix;61073
culls;61020
begot;60965
supes;60952
cycad;60893
odder;60826
leggo;60789
humph;60767
schmo;60716
gnash;60339
waken;60268
minks;60142
romps;60107
pseud;60056
shush;60031
tiler;59950
nixie;59753
vacua;59649
doest;59645
mimer;59583
cedes;59550
jests;59513
thaws;59505
gouty;59461
huger;59310
okapi;59009
dweeb;58921
biffy;58886
kefir;58635
kirks;58558
lulls;58479
pitas;58335
mires;58144
braze;58124
bergs;58033
naiad;58003
loams;57939
dippy;57914
macer;57657
bibbs;57588
toker;57530
eyrie;57520
bawls;57450
yokel;57410
biles;57387
burps;57385
drays;57222
rasps;57142
sware;57104
davit;57082
hokum;57068
bunco;56806
rusts;56788
pored;56678
weeny;56479
casus;56402
rived;56254
injun;56062
foist;55908
softy;55906
gulps;55790
whish;55706
mangy;55682
biggy;55567
ileus;55520
primp;55497
raker;55469
plasm;55404
jambs;55394
wheal;55009
junks;54989
foxed;54921
prats;54833
didot;54637
aspic;54553
slake;54463
buffa;54425
sidle;54306
chows;54217
assai;54173
goest;54161
whooo;54140
cager;54107
vitam;54106
nares;54047
maces;53959
flubs;53909
velar;53837
biked;53763
osier;53672
scuse;53625
teems;53560
axing;53425
wanta;53394
facer;53232
gulfs;53210
braes;53166
pengo;53144
vivas;52978
epact;52857
gimps;52802
tyros;52703
stela;52675
debar;52384
coyly;52174
tepee;52048
dowse;52031
hilts;51962
trews;51842
argot;51766
whang;51697
slosh;51634
vacuo;51586
hooey;51491
bents;51470
boons;51432
somas;51354
wombs;51318
bulks;51261
ebbed;51173
astir;51145
limps;51039
cocci;50999
odium;50950
squab;50789
uvula;50618
peons;50556
munge;50488
idles;50456
vitas;50443
talky;50436
pends;50346
kraal;50172
cooch;50051
lippy;49972
goads;49971
bozos;49842
wheee;49628
scads;49595
miked;49541
jibes;49492
yurts;49475
stoat;49468
thees;49427
blare;49365
piton;49345
peaty;49312
musos;49228
doxie;49093
diems;48713
tsars;48591
tilth;48587
unmap;48573
corms;48528
baize;48414
mayst;48355
dicer;48336
furze;48262
outen;48182
dills;48131
whens;48116
wormy;48023
loots;47910
paten;47772
silts;47638
roble;47626
roids;47575
latus;47517
nonny;47498
hilar;47448
emend;47283
tangs;47230
musks;47139
clods;47107
floes;47050
diazo;46955
ceder;46829
mousy;46820
harks;46663
gists;46570
gimpy;46387
vised;46330
kenaf;46083
panga;46002
humpy;45823
bungs;45792
ricer;45703
skims;45654
tutus;45643
rearm;45604
demur;45556
spazz;45477
cornu;45380
lobar;45124
ovule;45073
lamed;45011
hulks;44989
pries;44883
rajas;44879
hurly;44789
mauls;44665
acnes;44507
rends;44455
sylph;44120
shier;43728
woosh;43669
bolas;43633
niter;43607
gauzy;43269
owlet;43168
quids;43051
gooks;42729
yobbo;42684
carom;42604
carny;42572
shies;42546
aping;42534
skoal;42373
dopes;42277
fudgy;42078
lores;41944
shags;41829
egads;41819
jaggy;41772
bolls;41704
fusee;41659
baric;41654
wafts;41443
coned;41397
fondu;41338
cants;41309
nisei;41285
fungo;41280
runts;41260
limed;41243
luaus;41227
unhip;41188
coqui;41162
spang;41109
pulpy;41088
pigmy;41068
hypes;40997
flits;40623
tiros;40539
drear;40377
dieth;40246
slunk;40167
yelps;40144
halma;40013
easts;40013
cowls;39950
ducat;39914
anole;39883
icers;39847
sudsy;39819
rimer;39811
micas;39750
veldt;39718
scuds;39676
pshaw;39660
goyim;39630
ephod;39569
fitly;39568
koine;39394
apers;39349
spacy;39233
scops;39159
shews;39148
gigue;39029
pouts;38976
bunds;38923
alack;38913
psoas;38903
miaow;38898
fenny;38897
khans;38869
daunt;38855
rente;38816
choos;38768
aquae;38767
doser;38761
ninny;38726
lucks;38688
toper;38676
joeys;38283
sifts;38137
parer;38034
treys;38021
viols;37992
yella;37946
golfs;37851
retch;37821
zappy;37801
rebid;37691
picas;37578
pined;37529
filch;37497
nabla;37393
liest;37348
purls;37194
tunny;37154
chiff;37150
hewed;37071
garbs;37010
molas;36986
soppy;36978
gaffs;36976
boffo;36747
chary;36745
lardy;36712
phial;36526
slobs;36492
wined;36379
lyres;36304
dulls;36301
dinks;36255
airer;36215
bocci;36179
meows;36149
unbox;36026
acing;35956
poled;35937
ruffs;35928
louts;35918
nervy;35793
peats;35728
cozen;35392
whelk;35122
toped;35112
seamy;35034
poler;34859
whits;34854
tacts;34801
bairn;34786
moola;34775
qualm;34744
coxes;34726
sties;34650
laded;34603
kulak;34328
fends;34209
plebs;34153
noels;34012
outgo;34007
axels;33994
swats;33987
selfs;33812
secco;33756
twerp;33740
lacer;33587
dacha;33545
pukes;33527
sepoy;33499
ivies;33473
numbs;33408
basks;33223
pffft;33220
achoo;33177
divvy;33136
snoot;33126
abets;33014
mimsy;33001
mohel;32836
cooky;32767
viand;32735
gunks;32641
dulse;32611
sepal;32590
crams;32544
winos;32493
strew;32385
quoit;32350
coxed;32256
pawed;32205
hadda;32196
shyer;32023
stets;32019
brans;31986
kopek;31953
poohs;31951
reify;31944
gamey;31934
chugs;31923
heeds;31805
doted;31799
waxen;31767
whomp;31761
maned;31747
quais;31579
dotes;31347
upend;31323
styes;31241
bolos;31187
hazed;31148
ajuga;31146
roved;31140
gawky;31136
eying;31044
befit;31021
toter;31019
baulk;31004
ocher;30934
gofer;30932
wowee;30929
guyed;30888
ghoti;30802
adman;30780
micks;30660
bract;30353
chits;30328
fugal;30257
plebe;30111
finks;30098
sunup;30047
jowls;30028
yipes;29997
sirup;29954
mucks;29822
frier;29815
abler;29740
brung;29676
liker;29652
gaper;29551
stows;29544
tamps;29488
yogas;29407
abase;29383
middy;29344
vails;29331
gayly;29264
duple;29199
hewer;29077
quaff;28987
nabob;28856
suras;28851
dolts;28809
hexed;28804
winey;28737
deads;28715
aitch;28626
wends;28578
shmoo;28555
dishy;28360
tagua;28327
roans;28190
thrum;28106
cavil;27985
xored;27971
anent;27966
palmy;27941
parch;27869
darky;27826
waxer;27793
fagot;27790
rills;27784
wised;27775
burls;27611
drily;27603
shoed;27509
gnaws;27374
rebox;27369
bunts;27287
kilty;27252
honks;27247
whets;27039
imbed;26877
punny;26860
shoos;26781
whump;26746
damns;26728
eking;26695
arced;26654
kales;26636
frats;26636
hayer;26443
liers;26434
plops;26429
shako;26339
noway;26329
firer;26208
brays;26177
whirr;26124
mynah;25824
acked;25812
gwine;25691
ruses;25529
rusks;25492
viers;25474
plyer;25371
nones;25207
slops;25111
orate;25080
toted;24979
balky;24948
brigs;24912
cuing;24687
worts;24619
gushy;24488
zetas;24414
rangy;24374
plods;24353
hasps;24335
bodge;24225
prate;24190
knish;24159
sulks;24093
laxer;24047
buret;24021
skulk;24018
byres;23946
lames;23839
elide;23795
honer;23567
getup;23481
damps;23436
cowry;23397
fulls;23358
wetly;23325
ephah;23285
flogs;23265
papaw;22881
ichor;22795
bhoys;22779
dipso;22748
fiefs;22735
beaky;22734
joyed;22666
thuds;22613
swigs;22572
leers;22432
coper;22335
tribs;22222
loped;22120
barfs;22116
podia;22060
pyres;22032
glads;22012
beaus;21947
jives;21944
hazer;21768
coked;21657
jinns;21569
scrod;21554
diked;21369
klunk;21305
scums;21265
roves;21191
fifes;21173
giros;21152
reran;21130
icily;21127
ogled;21111
funks;21067
topoi;20996
keens;20989
molts;20806
quirt;20725
ailed;20703
churl;20686
yukky;20614
sherd;20612
offed;20595
bhang;20562
coati;20528
barky;20516
wefts;20506
prier;20417
boomy;20346
anded;20337
goony;20285
unfed;20266
bided;20170
vends;20166
mimed;20111
cuber;20073
rhumb;20027
blebs;20013
flays;19928
blini;19794
laths;19745
deify;19734
veiny;19725
shads;19622
hilum;19592
loges;19568
whoas;19419
tikis;19390
bocks;19385
togas;19316
abaft;19188
dodos;19185
doges;19033
ribby;18650
vexes;18629
snaky;18580
goopy;18459
trues;18411
rawer;18102
muley;18053
turfs;18014
raths;17877
swarf;17705
admix;17678
frays;17669
withs;17564
pryer;17518
apsos;17502
abeam;17316
marls;17292
lodes;17287
socle;17222
dozes;17178
vaunt;17134
frump;17084
proem;17071
pilau;16975
girds;16916
scudo;16902
bides;16845
wadis;16705
drabs;16675
drubs;16611
toyon;16413
gimel;16276
elate;16161
anted;16159
fumer;16052
inapt;16009
codas;15903
muser;15833
haled;15691
baddy;15679
pones;15620
relet;15556
trued;15457
coyer;15399
gilds;15396
molls;15283
tided;15272
addle;15267
ouzel;15256
lades;15236
gronk;15208
peaky;15174
gaols;15170
boors;15103
wanly;14979
fuzes;14886
huffs;14876
estop;14849
mussy;14809
prexy;14771
topes;14761
hawed;14625
fusty;14545
siree;14544
tufty;14476
grody;14446
bayed;14407
tokes;14407
anile;14401
jutes;14287
fisty;14154
umbel;14125
boded;14099
lazed;13999
nerfs;13871
slews;13847
chuff;13831
hapax;13596
scurf;13478
lepta;13460
gluey;13442
doper;13398
maims;13394
knops;13345
muxes;13155
socko;13096
dhows;13071
kicky;13023
buffo;12874
avows;12784
dogie;NA
mewed;NA
morns;NA
scows;NA
mooed;NA
kelps;NA
talcs;NA
pupas;NA
darns;NA
woofs;NA
jibed;NA
whirs;NA
prows;NA
palls;NA
mopes;NA
unbar;NA
daubs;NA
ameba;NA
adzes;NA
yowls;NA
jells;NA
zests;NA
laxly;NA
viler;NA
lisps;NA
sorer;NA
lolls;NA
yeses;NA
gawks;NA
gluts;NA
slyer;NA
loafs;NA
dints;NA
dazes;NA
yules;NA
lilts;NA
noons;NA
wheys;NA
zeals;NA
soots;NA
hefts;NA
doffs;NA
biers;NA
suets;NA
lints;NA
teals;NA
napes;NA
icier;NA
lards;NA
veals;NA
piths;NA
dirts;NA
hemps;NA
dusks;NA
furls;NA
murks;NA
slues;NA
weans;NA
razes;NA
judos;NA
quipu;NA
toves;NA
cawed;NA
cohos;NA
clomp;NA
letup;NA
umped;NA
bulgy;NA
coypu;NA
abaci;NA
emirs;NA
runty;NA
orlon;NA
vizor;NA
zebus;NA
knurl;NA
unpin;NA
hulas;NA
prigs;NA
gibes;NA
fichu;NA
heerd;NA
apses;NA
surds;NA
blabs;NA
horsy;NA
iotas;NA
cadge;NA
skyed;NA
ankhs;NA
nutsy;NA
befog;NA
axman;NA
rheas;NA
hayed;NA
thews;NA
prink;NA
amens;NA
jowly;NA
cutup;NA
agues;NA
ikats;NA
clops;NA
chaws;NA
resew;NA
scuzz;NA
slogs;NA
souse;NA
educe;NA
snits;NA
tzars;NA
fazes;NA
unjam;NA
fiats;NA
bilks;NA
gelds;NA
abash;NA
girts;NA
miffs;NA
shahs;NA
rutty;NA
grift;NA
bries;NA
acmes;NA
gibed;NA
whops;NA
prosy;NA
refix;NA
aquas;NA
jived;NA
hulky;NA
veeps;NA
lulus;NA
gnarl;NA
ivied;NA
epees;NA
yoyos;NA
poufs;NA
roust;NA
burgs;NA
cuspy;NA
nards;NA
toked;NA
ayins;NA
linty;NA
kayos;NA
rewed;NA
whams;NA
spays;NA
conks;NA
sluff;NA
houri;NA
zings;NA
clads;NA
ogler;NA
throe;NA
waled;NA
blats;NA
oinks;NA
faddy;NA
craws;NA
umpty;NA
gismo;NA
sonly;NA
ogles;NA
narcs;NA
wooer;NA
jilts;NA
tarns;NA
cloys;NA
klieg;NA
coifs;NA
suety;NA
deice;NA
taxer;NA
roils;NA
wryer;NA
snots;NA
jings;NA
admen;NA
cills;NA
thwap;NA
kivas;NA
yawls;NA
exeat;NA
molal;NA
flams;NA
plumy;NA
yourn;NA
spume;NA
spued;NA
oncet;NA
rimed;NA
redly;NA
humpf;NA
absit;NA
yawps;NA
watsa;NA
yawed;NA
amahs;NA
blowy;NA
lubra;NA
mrads;NA
kited;NA
didos;NA
axmen;NA
laves;NA
yawny;NA
lulab;NA
whipt;NA
kerfs;NA
wassa;NA
gyves;NA
feued;NA
feuar;NA
ukase;NA
tusky;NA
quiff;NA
tared;NA
spivs;NA
tuans;NA
mahua;NA
kebob;NA
sloes;NA
blash;NA
pruta;NA
herem;NA
merse;NA
pawky;NA
limen;NA
unsee;NA
podgy;NA
uncap;NA
glees;NA
turps;NA
dictu;NA
slued;NA
weest;NA
wiled;NA
excon;NA
hoars;NA
endue;NA
darer;NA
plash;NA
poxes;NA
terce;NA
hayey;NA
biffs;NA
loppy;NA
agars;NA
degum;NA
desex;NA
unman;NA
wedgy;NA
ridgy;NA
vapes;NA
yolky;NA
ulnas;NA
reeky;NA
treap;NA
refry;NA
vower;NA
grogs;NA
haler;NA
twiny;NA
unrig;NA
apian;NA
pocks;NA
exurb;NA
defog;NA
nuder;NA
bosky;NA
nimbi;NA
mothy;NA
pards;NA
bigly;NA
faxer;NA
scudi;NA
mungs;NA
ureas;NA
verst;NA
shawm;NA
bilgy;NA
gamic;NA
mazed;NA
shoat;NA
wirer;NA
greps;NA
unapt;NA
kepis;NA
eyers;NA
wonts;NA
stoae;NA
pooey;NA
bedew;NA
hafts;NA
oared;NA
oakum;NA
rille;NA
giber;NA
ousel;NA
umiak;NA
cuppy;NA
azine;NA
tacet;NA
bumph;NA
gooky;NA
waspy;NA
sedgy;NA
lazes;NA
idyls;NA
orbed;NA
riced;NA
velds;NA
dribs;NA
unsew;NA
limby;NA
jiffs;NA
bauds;NA
jiber;NA
unarm;NA
flaks;NA
klugy;NA
unpeg;NA
vined;NA
trows;NA
boffs;NA
grapy;NA
torsi;NA
beths;NA
resaw;NA
lawny;NA
mujik;NA
shnor;NA
zayin;NA
qophs;NA
roily;NA
flabs;NA
okras;NA
lurer;NA
obeah;NA
slaws;NA
whews;NA
mosts;NA
gyppy;NA
cocas;NA
eruct;NA
arums;NA
pyxie;NA
hoper;NA
hived;NA
stagy;NA
luvya;NA
smogs;NA
slomo;NA
fawny;NA
twirp;NA
revet;NA
unate;NA
gyved;NA
calks;NA
luxes;NA
shlep;NA
moper;NA
iambs;NA
limns;NA
weals;NA
nohow;NA
gouts;NA
mynas;NA
kikes;NA
oxeye;NA
stoup;NA
jujus;NA
taels;NA
blear;NA
goosy;NA
oleos;NA
toffy;NA
pawer;NA
maced;NA
ganef;NA
sputa;NA
vaned;NA
acned;NA
oweth;NA
resay;NA
porks;NA
glary;NA
beamy;NA
hexad;NA
bonks;NA
filar;NA
shoer;NA
couth;NA
booky;NA
hodad;NA
pawls;NA
iodic;NA
unsay;NA
piing;NA
poxed;NA
kiths;NA
toyer;NA
teaks;NA
awing;NA
redip;NA
mesne;NA
muter;NA
owest;NA
ftped;NA
hoers;NA
slier;NA
sicks;NA
fatly;NA
himbo;NA
busks;NA
loxes;NA
zonks;NA
aport;NA
ikons;NA
mulct;NA
civvy;NA
barfy;NA
kaiak;NA
knout;NA
lases;NA
rasae;NA
stoas;NA
gunky;NA
ahoys;NA
ammos;NA
urger;NA
fetor;NA
ruing;NA
slily;NA
nerts;NA
cauls;NA
swive;NA
lilty;NA
finif;NA
oinky;NA
gutty;NA
balds;NA
dungs;NA
stogy;NA
roods;NA
elans;NA
zincs;NA
rawly;NA
ceils;NA
immix;NA
yores;NA
pomps;NA
forky;NA
turdy;NA
lawzy;NA
gloms;NA
curdy;NA
soyas;NA
mungy;NA
carpy;NA
apish;NA
gappy;NA
aurae;NA
rooky;NA
axled;NA
turfy;NA
mashy;NA
miens;NA
olios;NA
grook;NA
agley;NA
dashy;NA
frigs;NA
demit;NA
sawer;NA
spics;NA
bedim;NA
snugs;NA
fanin;NA
azoic;NA
suers;NA
wizen;NA
shirr;NA
rifer;NA
lased;NA
unhit;NA
ruche;NA
algin;NA
holer;NA
doter;NA
besot;NA
dicut;NA
peens;NA
pewit;NA
yecch;NA
fluky;NA
cruds;NA
bebug;NA
bider;NA
hexer;NA
gluer;NA
whelm;NA
refly;NA
luted;NA
cukes;NA
loggy;NA
tufas;NA
typal;NA
oxlip;NA
cirri;NA
huzza;NA
agone;NA
unsex;NA
unwon;NA
dewed;NA
nooky;NA
ixnay;NA
amyls;NA
prims;NA
hempy;NA
hying;NA
fuzed;NA
barms;NA
crink;NA
unarc;NA
direr;NA
wrier;NA
atilt;NA
thens;NA
unfix;NA
doggo;NA
zooks;NA
brusk;NA
curer;NA
kelpy;NA
taros;NA
laved;NA
stied;NA
hypos;NA
spumy;NA
